currentTimeStep, cubeRomeo.position.x, cubeRomeo.velocity.x, cubeRomeoKinetic, springPotentialEnergy, cubeRomeoKinetic, springForceX
0.02,-4.13,0,0,4,0
0.04,-4.1292,0.04,0.0016,4,0.0016
0.06,-4.1276,0.08,0.0064,4,0.0064
0.08,-4.1252,0.12,0.0144,4,0.0144
0.09999999,-4.122,0.16,0.0256,4,0.0256
0.12,-4.118,0.2,0.04,4,0.04
0.14,-4.1132,0.24,0.05759999,4,0.05759999
0.16,-4.1076,0.28,0.07839999,4,0.07839999
0.18,-4.1012,0.32,0.1024,4,0.1024
0.2,-4.094,0.36,0.1296,4,0.1296
0.22,-4.086,0.3999999,0.16,4,0.16
0.24,-4.0772,0.4399999,0.1935999,4,0.1935999
0.26,-4.0676,0.4799999,0.2303999,4,0.2303999
0.28,-4.0572,0.5199999,0.2703999,4,0.2703999
0.3,-4.046,0.5599999,0.3135999,4,0.3135999
0.32,-4.034,0.6,0.36,4,0.36
0.34,-4.0212,0.64,0.4096,4,0.4096
0.36,-4.0076,0.68,0.4624,4,0.4624
0.38,-3.9932,0.72,0.5184,4,0.5184
0.4,-3.978,0.7600001,0.5776001,4,0.5776001
0.42,-3.962,0.8000001,0.6400001,4,0.6400001
0.4400001,-3.9452,0.8400001,0.7056001,4,0.7056001
0.4600001,-3.9276,0.8800001,0.7744002,4,0.7744002
0.4800001,-3.9092,0.9200001,0.8464003,4,0.8464003
0.5000001,-3.89,0.9600002,0.9216003,4,0.9216003
0.52,-3.87,1,1,4,1
0.54,-3.8492,1.04,1.0816,4,1.0816
0.56,-3.8276,1.08,1.1664,4,1.1664
0.58,-3.8052,1.12,1.2544,4,1.2544
0.6,-3.782,1.16,1.3456,4,1.3456
0.6199999,-3.758,1.2,1.44,4,1.44
0.6399999,-3.7332,1.24,1.5376,4,1.5376
0.6599999,-3.7076,1.28,1.6384,4,1.6384
0.6799999,-3.6812,1.32,1.742399,4,1.742399
0.6999999,-3.654,1.36,1.849599,4,1.849599
0.7199998,-3.626,1.4,1.959999,4,1.959999
0.7399998,-3.5972,1.44,2.073599,4,2.073599
0.7599998,-3.5676,1.48,2.190399,4,2.190399
0.7799998,-3.5372,1.52,2.310399,4,2.310399
0.7999998,-3.506001,1.56,2.433599,4,2.433599
0.8199998,-3.474,1.6,2.559999,4,2.559999
0.8399997,-3.4412,1.64,2.689598,4,2.689598
0.8599997,-3.4076,1.679999,2.822398,4,2.822398
0.8799997,-3.3732,1.719999,2.958398,4,2.958398
0.8999997,-3.338001,1.759999,3.097598,4,3.097598
0.9199997,-3.302001,1.799999,3.239998,4,3.239998
0.9399996,-3.265201,1.839999,3.385597,4,3.385597
0.9599996,-3.227601,1.879999,3.534397,4,3.534397
0.9799996,-3.189201,1.919999,3.686397,4,3.686397
0.9999996,-3.150001,1.959999,3.841597,4,3.841597
1.02,-3.110001,1.999999,3.999997,4,3.999997
1.04,-3.069201,2.039999,4.161597,4,4.161597
1.06,-3.0284,2.039999,4.161597,4,4.161597
1.08,-2.9876,2.039999,4.161597,4,4.161597
1.1,-2.9468,2.039999,4.161597,4,4.161597
1.12,-2.906,2.039999,4.161597,4,4.161597
1.14,-2.8652,2.039999,4.161597,4,4.161597
1.159999,-2.8244,2.039999,4.161597,4,4.161597
1.179999,-2.7836,2.039999,4.161597,4,4.161597
1.199999,-2.7428,2.039999,4.161597,4,4.161597
1.219999,-2.702,2.039999,4.161597,4,4.161597
1.239999,-2.6612,2.039999,4.161597,4,4.161597
1.259999,-2.620399,2.039999,4.161597,4,4.161597
1.279999,-2.579599,2.039999,4.161597,4,4.161597
1.299999,-2.538799,2.039999,4.161597,4,4.161597
1.319999,-2.497999,2.039999,4.161597,4,4.161597
1.339999,-2.457199,2.039999,4.161597,4,4.161597
1.359999,-2.416399,2.039999,4.161597,4,4.161597
1.379999,-2.375599,2.039999,4.161597,4,4.161597
1.399999,-2.334799,2.039999,4.161597,4,4.161597
1.419999,-2.293999,2.039999,4.161597,4,4.161597
1.439999,-2.253199,2.039999,4.161597,4,4.161597
1.459999,-2.212399,2.039999,4.161597,4,4.161597
1.479999,-2.171598,2.039999,4.161597,4,4.161597
1.499999,-2.130798,2.039999,4.161597,4,4.161597
1.519999,-2.089998,2.039999,4.161597,4,4.161597
1.539999,-2.049198,2.039999,4.161597,4,4.161597
1.559999,-2.008398,2.039999,4.161597,4,4.161597
1.579999,-1.967598,2.039999,4.161597,4,4.161597
1.599999,-1.926798,2.039999,4.161597,4,4.161597
1.619999,-1.885998,2.039999,4.161597,4,4.161597
1.639999,-1.845198,2.039999,4.161597,4,4.161597
1.659999,-1.804398,2.039999,4.161597,4,4.161597
1.679999,-1.763598,2.039999,4.161597,4,4.161597
1.699999,-1.722798,2.039999,4.161597,4,4.161597
1.719999,-1.681998,2.039999,4.161597,4,4.161597
1.739999,-1.641198,2.039999,4.161597,4,4.161597
1.759999,-1.600398,2.039999,4.161597,4,4.161597
1.779999,-1.559598,2.039999,4.161597,4,4.161597
1.799999,-1.518798,2.039999,4.161597,4,4.161597
1.819999,-1.477998,2.039999,4.161597,4,4.161597
1.839999,-1.437198,2.039999,4.161597,4,4.161597
1.859999,-1.396398,2.039999,4.161597,4,4.161597
1.879999,-1.355598,2.039999,4.161597,4,4.161597
1.899999,-1.314798,2.039999,4.161597,4,4.161597
1.919999,-1.273998,2.039999,4.161597,4,4.161597
1.939999,-1.233199,2.039999,4.161597,4,4.161597
1.959999,-1.192399,2.039999,4.161597,4,4.161597
1.979999,-1.151599,2.039999,4.161597,4,4.161597
1.999999,-1.110799,2.039999,4.161597,4,4.161597
2.019999,-1.069999,2.039999,4.161597,4,4.161597
2.039999,-1.029199,2.039999,4.161597,4,4.161597
2.059999,-0.9883987,2.039999,4.161597,4,4.161597
2.079999,-0.9475987,2.039999,4.161597,4,4.161597
2.099999,-0.9067987,2.039999,4.161597,4,4.161597
2.119999,-0.8659987,2.039999,4.161597,4,4.161597
2.139999,-0.8251988,2.039999,4.161597,4,4.161597
2.159999,-0.7843988,2.039999,4.161597,4,4.161597
2.179999,-0.7435988,2.039999,4.161597,4,4.161597
2.199999,-0.7027988,2.039999,4.161597,4,4.161597
2.219999,-0.6619989,2.039999,4.161597,4,4.161597
2.239999,-0.6211989,2.039999,4.161597,4,4.161597
2.259999,-0.5803989,2.039999,4.161597,4,4.161597
2.279999,-0.5395989,2.039999,4.161597,4,4.161597
2.299999,-0.498799,2.039999,4.161597,4,4.161597
2.319999,-0.457999,2.039999,4.161597,4,4.161597
2.339998,-0.417199,2.039999,4.161597,4,4.161597
2.359998,-0.376399,2.039999,4.161597,4,4.161597
2.379998,-0.3355991,2.039999,4.161597,4,4.161597
2.399998,-0.2947991,2.039999,4.161597,4,4.161597
2.419998,-0.2539991,2.039999,4.161597,4,4.161597
2.439998,-0.2131991,2.039999,4.161597,4,4.161597
2.459998,-0.1723992,2.039999,4.161597,4,4.161597
2.479998,-0.1315992,2.039999,4.161597,4,4.161597
2.499998,-0.09079921,2.039999,4.161597,4,4.161597
2.519998,-0.04999922,2.039999,4.161597,4,4.161597
2.539998,-0.009199239,2.039999,4.161597,4,4.161597
2.559998,0.03160074,2.039999,4.161597,4,4.161597
2.579998,0.07240073,2.039999,4.161597,4,4.161597
2.599998,0.1132007,2.039999,4.161597,4,4.161597
2.619998,0.1540007,2.039999,4.161597,4,4.161597
2.639998,0.1948007,2.039999,4.161597,4,4.161597
2.659998,0.2356007,2.039999,4.161597,4,4.161597
2.679998,0.2764006,2.039999,4.161597,4,4.161597
2.699998,0.3172006,2.039999,4.161597,4,4.161597
2.719998,0.3580006,2.039999,4.161597,4,4.161597
2.739998,0.3988006,2.039999,4.161597,4,4.161597
2.759998,0.4396005,2.039999,4.161597,4,4.161597
2.779998,0.4804005,2.039999,4.161597,4,4.161597
2.799998,0.5212005,2.039999,4.161597,4,4.161597
2.819998,0.5620005,2.039999,4.161597,4,4.161597
2.839998,0.6028004,2.039999,4.161597,4,4.161597
2.859998,0.6436004,2.039999,4.161597,4,4.161597
2.879998,0.6844004,2.039999,4.161597,4,4.161597
2.899998,0.7252004,2.039999,4.161597,4,4.161597
2.919998,0.7660003,2.039999,4.161597,4,4.161597
2.939998,0.8068003,2.039999,4.161597,4,4.161597
2.959998,0.8476003,2.039999,4.161597,4,4.161597
2.979998,0.8884003,2.039999,4.161597,4,4.161597
2.999998,0.9292002,2.039999,4.161597,4,4.161597
3.019998,0.9700002,2.039999,4.161597,4,4.161597
3.039998,1.0108,2.039999,4.161597,4,4.161597
3.059998,1.0516,2.039999,4.161597,4,4.161597
3.079998,1.0924,2.039999,4.161597,4,4.161597
3.099998,1.1332,2.039999,4.161597,4,4.161597
3.119998,1.174,2.039999,4.161597,4,4.161597
3.139998,1.2148,2.039999,4.161597,4,4.161597
3.159998,1.2556,2.039999,4.161597,4,4.161597
3.179998,1.2964,2.039999,4.161597,4,4.161597
3.199998,1.3372,2.039999,4.161597,4,4.161597
3.219998,1.378,2.039999,4.161597,4,4.161597
3.239998,1.4188,2.039999,4.161597,4,4.161597
3.259998,1.4596,2.039999,4.161597,4,4.161597
3.279998,1.5004,2.039999,4.161597,4,4.161597
3.299998,1.5412,2.039999,4.161597,4,4.161597
3.319998,1.582,2.039999,4.161597,4,4.161597
3.339998,1.6228,2.039999,4.161597,4,4.161597
3.359998,1.6636,2.039999,4.161597,4,4.161597
3.379997,1.7044,2.039999,4.161597,4,4.161597
3.399997,1.7452,2.039999,4.161597,4,4.161597
3.419997,1.786,2.039999,4.161597,4,4.161597
3.439997,1.8268,2.039999,4.161597,4,4.161597
3.459997,1.8676,2.039999,4.161597,4,4.161597
3.479997,1.9084,2.039999,4.161597,4,4.161597
3.499997,1.9492,2.039999,4.161597,4,4.161597
3.519997,1.99,2.039999,4.161597,4,4.161597
3.539997,2.0308,2.039999,4.161597,4,4.161597
3.559997,2.0716,2.039999,4.161597,4,4.161597
3.579997,2.1124,2.039999,4.161597,4,4.161597
3.599997,2.1532,2.039999,4.161597,4,4.161597
3.619997,2.194,2.039999,4.161597,4,4.161597
3.639997,2.2348,2.039999,4.161597,4,4.161597
3.659997,2.2756,2.039999,4.161597,4,4.161597
3.679997,2.3164,2.039999,4.161597,4,4.161597
3.699997,2.3572,2.039999,4.161597,4,4.161597
3.719997,2.398,2.039999,4.161597,4,4.161597
3.739997,2.438801,2.039999,4.161597,4,4.161597
3.759997,2.479601,2.039999,4.161597,4,4.161597
3.779997,2.520401,2.039999,4.161597,4,4.161597
3.799997,2.561201,2.039999,4.161597,4,4.161597
3.819997,2.602001,2.039999,4.161597,4,4.161597
3.839997,2.642801,2.039999,4.161597,4,4.161597
3.859997,2.683601,2.039999,4.161597,4,4.161597
3.879997,2.724401,2.039999,4.161597,4,4.161597
3.899997,2.765201,2.039999,4.161597,4,4.161597
3.919997,2.806001,2.039999,4.161597,4,4.161597
3.939997,2.846802,2.039999,4.161597,4,4.161597
3.959997,2.887602,2.039999,4.161597,4,4.161597
3.979997,2.928402,2.039999,4.161597,4,4.161597
3.999997,2.969202,2.039999,4.161597,4,4.161597
4.019997,3.010002,2.039999,4.161597,4,4.161597
4.039997,3.050802,2.039999,4.161597,4,4.161597
4.059997,3.091602,2.039999,4.161597,4,4.161597
4.079997,3.132402,2.039999,4.161597,4,4.161597
4.099997,3.173202,2.039999,4.161597,4,4.161597
4.119997,3.214002,2.039999,4.161597,4,4.161597
4.139997,3.254802,2.039999,4.161597,4,4.161597
4.159997,3.295603,2.039999,4.161597,4,4.161597
4.179997,3.336403,2.039999,4.161597,4,4.161597
4.199997,3.377203,2.039999,4.161597,4,4.161597
4.219997,3.418003,2.039999,4.161597,4,4.161597
4.239997,3.458803,2.039999,4.161597,4,4.161597
4.259997,3.499603,2.039999,4.161597,4,4.161597
4.279997,3.540403,2.039999,4.161597,4,4.161597
4.299997,3.581203,2.039999,4.161597,4,4.161597
4.319997,3.622003,2.039999,4.161597,4,4.161597
4.339997,3.662803,2.039999,4.161597,4,4.161597
4.359997,3.703604,2.039999,4.161597,4,4.161597
4.379997,3.744404,2.039999,4.161597,4,4.161597
4.399997,3.785204,2.039999,4.161597,4,4.161597
4.419997,3.826004,2.039999,4.161597,4,4.161597
4.439997,3.866804,2.039999,4.161597,4,4.161597
4.459997,3.907604,2.039999,4.161597,4,4.161597
4.479997,3.948404,2.039999,4.161597,4,4.161597
4.499997,3.989204,2.039999,4.161597,4,4.161597
4.519997,4.030004,2.039999,4.161597,4,4.161597
4.539997,4.070804,2.039999,4.161597,4,4.161597
4.559997,4.111604,2.039999,4.161597,4,4.161597
4.579997,4.152404,2.039999,4.161597,4,4.161597
4.599997,4.193204,2.039999,4.161597,4,4.161597
4.619997,4.234004,2.039999,4.161597,4,4.161597
4.639997,4.274805,2.039999,4.161597,4,4.161597
4.659997,4.315605,2.039999,4.161597,4,4.161597
4.679996,4.356405,2.039999,4.161597,4,4.161597
4.699996,4.397205,2.039999,4.161597,4,4.161597
4.719996,4.438005,2.039999,4.161597,4,4.161597
4.739996,4.478805,2.039999,4.161597,4,4.161597
4.759996,4.519605,2.039999,4.161597,4,4.161597
4.779996,4.560405,2.039999,4.161597,4,4.161597
4.799996,4.601205,2.039999,4.161597,4,4.161597
4.819996,4.642005,2.039999,4.161597,4,4.161597
4.839996,4.682806,2.039999,4.161597,4,4.161597
4.859996,4.723606,2.039999,4.161597,4,4.161597
4.879996,4.764406,2.039999,4.161597,4,4.161597
4.899996,4.805206,2.039999,4.161597,4,4.161597
4.919996,4.846006,2.039999,4.161597,4,4.161597
4.939996,4.886806,2.039999,4.161597,4,4.161597
4.959996,4.927606,2.039999,4.161597,4,4.161597
4.979996,4.968406,2.039999,4.161597,4,4.161597
4.999996,5.009206,2.039999,4.161597,4,4.161597
5.019996,5.050006,2.039999,4.161597,4,4.161597
5.039996,5.090806,2.039999,4.161597,4,4.161597
5.059996,5.131607,2.039999,4.161597,4,4.161597
5.079996,5.172407,2.039999,4.161597,4,4.161597
5.099996,5.213207,2.039999,4.161597,4,4.161597
5.119996,5.254007,2.039999,4.161597,4,4.161597
5.139996,5.254007,2.039999,4.161597,4,4.161597,-0.01424662
5.159996,5.294804,2.039857,4.161015,4,4.161015
5.179996,5.294804,2.039857,4.161015,4,4.161015,-0.1593035
5.199996,5.335569,2.038264,4.154518,4,4.154518
5.219996,5.335569,2.038264,4.154518,4,4.154518,-0.3042467
5.239996,5.376274,2.035221,4.142125,4,4.142125
5.259996,5.376274,2.035221,4.142125,4,4.142125,-0.4489729
5.279996,5.416888,2.030731,4.12387,4,4.12387
5.299996,5.416888,2.030731,4.12387,4,4.12387,-0.5933804
5.319996,5.457384,2.024798,4.099806,4,4.099806
5.339996,5.457384,2.024798,4.099806,4,4.099806,-0.7373657
5.359996,5.497733,2.017424,4.07,4,4.07
5.379996,5.497733,2.017424,4.07,4,4.07,-0.8808272
5.399996,5.537905,2.008616,4.034537,4,4.034537
5.419996,5.537905,2.008616,4.034537,4,4.034537,-1.023661
5.439996,5.577872,1.998379,3.993519,4,3.993519
5.459996,5.577872,1.998379,3.993519,4,3.993519,-1.165768
5.479996,5.617607,1.986721,3.947062,4,3.947062
5.499996,5.617607,1.986721,3.947062,4,3.947062,-1.307046
5.519996,5.65708,1.973651,3.895298,4,3.895298
5.539996,5.65708,1.973651,3.895298,4,3.895298,-1.447394
5.559996,5.696263,1.959177,3.838375,4,3.838375
5.579996,5.696263,1.959177,3.838375,4,3.838375,-1.586714
5.599996,5.735129,1.94331,3.776453,4,3.776453
5.619996,5.735129,1.94331,3.776453,4,3.776453,-1.724904
5.639996,5.773651,1.926061,3.709711,4,3.709711
5.659996,5.773651,1.926061,3.709711,4,3.709711,-1.861869
5.679996,5.8118,1.907442,3.638336,4,3.638336
5.699996,5.8118,1.907442,3.638336,4,3.638336,-1.997509
5.719995,5.849549,1.887467,3.562532,4,3.562532
5.739995,5.849549,1.887467,3.562532,4,3.562532,-2.131729
5.759995,5.886872,1.86615,3.482516,4,3.482516
5.779995,5.886872,1.86615,3.482516,4,3.482516,-2.264433
5.799995,5.923742,1.843506,3.398513,4,3.398513
5.819995,5.923742,1.843506,3.398513,4,3.398513,-2.395526
5.839995,5.960133,1.81955,3.310764,4,3.310764
5.859995,5.960133,1.81955,3.310764,4,3.310764,-2.524916
5.879995,5.996018,1.794301,3.219517,4,3.219517
5.899995,5.996018,1.794301,3.219517,4,3.219517,-2.65251
5.919995,6.031374,1.767776,3.125032,4,3.125032
5.939995,6.031374,1.767776,3.125032,4,3.125032,-2.778219
5.959995,6.066174,1.739994,3.027579,4,3.027579
5.979995,6.066174,1.739994,3.027579,4,3.027579,-2.901952
5.999995,6.100393,1.710974,2.927433,4,2.927433
6.019995,6.100393,1.710974,2.927433,4,2.927433,-3.023621
6.039995,6.134008,1.680738,2.824881,4,2.824881
6.059995,6.134008,1.680738,2.824881,4,2.824881,-3.143139
6.079995,6.166994,1.649307,2.720213,4,2.720213
6.099995,6.166994,1.649307,2.720213,4,2.720213,-3.260423
6.119995,6.199328,1.616703,2.613727,4,2.613727
6.139995,6.199328,1.616703,2.613727,4,2.613727,-3.375388
6.159995,6.230987,1.582949,2.505727,4,2.505727
6.179995,6.230987,1.582949,2.505727,4,2.505727,-3.487954
6.199995,6.261949,1.548069,2.396518,4,2.396518
6.219995,6.261949,1.548069,2.396518,4,2.396518,-3.598039
6.239995,6.292191,1.512089,2.286412,4,2.286412
6.259995,6.292191,1.512089,2.286412,4,2.286412,-3.705566
6.279995,6.321691,1.475033,2.175723,4,2.175723
6.299995,6.321691,1.475033,2.175723,4,2.175723,-3.810457
6.319995,6.35043,1.436929,2.064764,4,2.064764
6.339995,6.35043,1.436929,2.064764,4,2.064764,-3.912638
6.359995,6.378386,1.397802,1.953851,4,1.953851
6.379995,6.378386,1.397802,1.953851,4,1.953851,-4.012038
6.399995,6.405539,1.357682,1.8433,4,1.8433
6.419995,6.405539,1.357682,1.8433,4,1.8433,-4.108583
6.439995,6.431871,1.316596,1.733425,4,1.733425
6.459995,6.431871,1.316596,1.733425,4,1.733425,-4.202208
6.479995,6.457363,1.274574,1.624539,4,1.624539
6.499995,6.457363,1.274574,1.624539,4,1.624539,-4.292845
6.519995,6.481996,1.231645,1.516951,4,1.516951
6.539995,6.481996,1.231645,1.516951,4,1.516951,-4.380429
6.559995,6.505753,1.187841,1.410967,4,1.410967
6.579995,6.505753,1.187841,1.410967,4,1.410967,-4.464898
6.599995,6.528616,1.143192,1.306888,4,1.306888
6.619995,6.528616,1.143192,1.306888,4,1.306888,-4.546192
6.639995,6.550571,1.09773,1.205012,4,1.205012
6.659995,6.550571,1.09773,1.205012,4,1.205012,-4.624252
6.679995,6.571601,1.051488,1.105627,4,1.105627
6.699995,6.571601,1.051488,1.105627,4,1.105627,-4.699026
6.719995,6.58632,0.7359699,0.5416517,4,0.5416517
6.739995,6.58632,0.7359699,0.5416517,4,0.5416517,-4.751361
6.759995,6.589264,0.1471916,0.02166538,4,0.02166538
6.779994,6.589264,0.1471916,0.02166538,4,0.02166538,-4.761829
6.799994,6.589853,0.02943173,0.0008662267,4,0.0008662267
6.819994,6.589853,0.02943173,0.0008662267,4,0.0008662267,-4.763921
6.839994,6.589489,-0.01820748,0.0003315123,4,0.0003315123
6.859994,6.589489,-0.01820748,0.0003315123,4,0.0003315123,-4.762626
6.879994,6.588172,-0.06583373,0.00433408,4,0.00433408
6.899994,6.588172,-0.06583373,0.00433408,4,0.00433408,-4.757945
6.919994,6.585904,-0.1134132,0.01286255,4,0.01286255
6.939994,6.585904,-0.1134132,0.01286255,4,0.01286255,-4.74988
6.959994,6.582685,-0.160912,0.02589266,4,0.02589266
6.979994,6.582685,-0.160912,0.02589266,4,0.02589266,-4.738437
6.999994,6.578519,-0.2082963,0.04338737,4,0.04338737
7.019994,6.578519,-0.2082963,0.04338737,4,0.04338737,-4.723624
7.039994,6.573409,-0.2555326,0.0652969,4,0.0652969
7.059994,6.573409,-0.2555326,0.0652969,4,0.0652969,-4.705453
7.079994,6.567357,-0.3025871,0.09155896,4,0.09155896
7.099994,6.567357,-0.3025871,0.09155896,4,0.09155896,-4.683936
7.119994,6.560369,-0.3494265,0.1220989,4,0.1220989
7.139994,6.560369,-0.3494265,0.1220989,4,0.1220989,-4.659088
7.159994,6.552448,-0.3960174,0.1568298,4,0.1568298
7.179994,6.552448,-0.3960174,0.1568298,4,0.1568298,-4.630927
7.199994,6.543602,-0.4423266,0.1956529,4,0.1956529
7.219994,6.543602,-0.4423266,0.1956529,4,0.1956529,-4.599472
7.239994,6.533835,-0.4883214,0.2384578,4,0.2384578
7.259994,6.533835,-0.4883214,0.2384578,4,0.2384578,-4.564746
7.279994,6.523156,-0.5339688,0.2851227,4,0.2851227
7.299994,6.523156,-0.5339688,0.2851227,4,0.2851227,-4.526776
7.319994,6.511571,-0.5792366,0.335515,4,0.335515
7.339994,6.511571,-0.5792366,0.335515,4,0.335515,-4.485586
7.359994,6.499089,-0.6240924,0.3894913,4,0.3894913
7.379994,6.499089,-0.6240924,0.3894913,4,0.3894913,-4.441206
7.399994,6.485719,-0.6685045,0.4468982,4,0.4468982
7.419994,6.485719,-0.6685045,0.4468982,4,0.4468982,-4.393668
7.439994,6.47147,-0.7124411,0.5075724,4,0.5075724
7.459994,6.47147,-0.7124411,0.5075724,4,0.5075724,-4.343006
7.479994,6.456353,-0.7558712,0.5713412,4,0.5713412
7.499994,6.456353,-0.7558712,0.5713412,4,0.5713412,-4.289254
7.519994,6.440377,-0.7987637,0.6380234,4,0.6380234
7.539994,6.440377,-0.7987637,0.6380234,4,0.6380234,-4.232452
7.559994,6.423555,-0.8410882,0.7074294,4,0.7074294
7.579994,6.423555,-0.8410882,0.7074294,4,0.7074294,-4.172641
7.599994,6.405899,-0.8828146,0.7793617,4,0.7793617
7.619994,6.405899,-0.8828146,0.7793617,4,0.7793617,-4.109863
7.639994,6.387421,-0.9239133,0.8536158,4,0.8536158
7.659994,6.387421,-0.9239133,0.8536158,4,0.8536158,-4.044162
7.679994,6.368134,-0.9643549,0.9299805,4,0.9299805
7.699994,6.368134,-0.9643549,0.9299805,4,0.9299805,-3.975586
7.719994,6.348052,-1.004111,1.008239,4,1.008239
7.739994,6.348052,-1.004111,1.008239,4,1.008239,-3.904183
7.759994,6.327188,-1.043153,1.088168,4,1.088168
7.779994,6.327188,-1.043153,1.088168,4,1.088168,-3.830003
7.799994,6.30556,-1.081453,1.16954,4,1.16954
7.819993,6.30556,-1.081453,1.16954,4,1.16954,-3.753101
7.839993,6.28318,-1.118984,1.252125,4,1.252125
7.859993,6.28318,-1.118984,1.252125,4,1.252125,-3.673528
7.879993,6.260066,-1.155719,1.335686,4,1.335686
7.899993,6.260066,-1.155719,1.335686,4,1.335686,-3.591344
7.919993,6.236233,-1.191633,1.419988,4,1.419988
7.939993,6.236233,-1.191633,1.419988,4,1.419988,-3.506605
7.959993,6.211699,-1.226699,1.504789,4,1.504789
7.979993,6.211699,-1.226699,1.504789,4,1.504789,-3.419374
7.999993,6.186481,-1.260892,1.589849,4,1.589849
8.019994,6.186481,-1.260892,1.589849,4,1.589849,-3.32971
8.039994,6.160597,-1.294189,1.674926,4,1.674926
8.059995,6.160597,-1.294189,1.674926,4,1.674926,-3.237679
8.079995,6.134066,-1.326566,1.759778,4,1.759778
8.099996,6.134066,-1.326566,1.759778,4,1.759778,-3.143346
8.119996,6.106906,-1.358,1.844163,4,1.844163
8.139997,6.106906,-1.358,1.844163,4,1.844163,-3.046777
8.159997,6.079136,-1.388467,1.927841,4,1.927841
8.179997,6.079136,-1.388467,1.927841,4,1.927841,-2.94804
8.199998,6.050777,-1.417948,2.010576,4,2.010576
8.219998,6.050777,-1.417948,2.010576,4,2.010576,-2.847209
8.239999,6.021849,-1.44642,2.09213,4,2.09213
8.259999,6.021849,-1.44642,2.09213,4,2.09213,-2.744353
8.28,5.992372,-1.473863,2.172273,4,2.172273
8.3,5.992372,-1.473863,2.172273,4,2.172273,-2.639545
8.320001,5.962367,-1.500259,2.250777,4,2.250777
8.340001,5.962367,-1.500259,2.250777,4,2.250777,-2.532861
8.360002,5.931855,-1.525587,2.327417,4,2.327417
8.380002,5.931855,-1.525587,2.327417,4,2.327417,-2.424374
8.400002,5.900858,-1.549831,2.401977,4,2.401977
8.420003,5.900858,-1.549831,2.401977,4,2.401977,-2.314163
8.440003,5.869399,-1.572973,2.474243,4,2.474243
8.460004,5.869399,-1.572973,2.474243,4,2.474243,-2.202308
8.480004,5.837499,-1.594996,2.544012,4,2.544012
8.500005,5.837499,-1.594996,2.544012,4,2.544012,-2.088886
8.520005,5.805182,-1.615885,2.611083,4,2.611083
8.540006,5.805182,-1.615885,2.611083,4,2.611083,-1.973979
8.560006,5.772469,-1.635624,2.675267,4,2.675267
8.580007,5.772469,-1.635624,2.675267,4,2.675267,-1.857668
8.600007,5.739385,-1.654201,2.736381,4,2.736381
8.620008,5.739385,-1.654201,2.736381,4,2.736381,-1.740036
8.640008,5.705953,-1.671601,2.794251,4,2.794251
8.660008,5.705953,-1.671601,2.794251,4,2.794251,-1.621167
8.680009,5.672197,-1.687813,2.848713,4,2.848713
8.700009,5.672197,-1.687813,2.848713,4,2.848713,-1.501144
8.72001,5.63814,-1.702824,2.899611,4,2.899611
8.74001,5.63814,-1.702824,2.899611,4,2.899611,-1.380054
8.760011,5.603808,-1.716625,2.946801,4,2.946801
8.780011,5.603808,-1.716625,2.946801,4,2.946801,-1.257984
8.800012,5.569224,-1.729205,2.990149,4,2.990149
8.820012,5.569224,-1.729205,2.990149,4,2.990149,-1.135018
8.840013,5.534413,-1.740555,3.029531,4,3.029531
8.860013,5.534413,-1.740555,3.029531,4,3.029531,-1.011246
8.880013,5.4994,-1.750667,3.064836,4,3.064836
8.900014,5.4994,-1.750667,3.064836,4,3.064836,-0.8867543
8.920014,5.464209,-1.759535,3.095963,4,3.095963
8.940015,5.464209,-1.759535,3.095963,4,3.095963,-0.7616323
8.960015,5.428866,-1.767151,3.122823,4,3.122823
8.980016,5.428866,-1.767151,3.122823,4,3.122823,-0.6359677
9.000016,5.393396,-1.773511,3.145341,4,3.145341
9.020017,5.393396,-1.773511,3.145341,4,3.145341,-0.5098521
9.040017,5.357824,-1.778609,3.163451,4,3.163451
9.060018,5.357824,-1.778609,3.163451,4,3.163451,-0.3833737
9.080018,5.322175,-1.782443,3.177103,4,3.177103
9.100019,5.322175,-1.782443,3.177103,4,3.177103,-0.2566223
9.120019,5.286475,-1.785009,3.186258,4,3.186258
9.140019,5.286475,-1.785009,3.186258,4,3.186258,-0.1296878
9.16002,5.250749,-1.786306,3.19089,4,3.19089
9.18002,5.250749,-1.786306,3.19089,4,3.19089,-0.002661811
9.200021,5.215022,-1.786333,3.190985,4,3.190985
9.220021,5.179296,-1.786333,3.190985,4,3.190985
9.240022,5.143569,-1.786333,3.190985,4,3.190985
9.260022,5.107842,-1.786333,3.190985,4,3.190985
9.280023,5.072116,-1.786333,3.190985,4,3.190985
9.300023,5.036389,-1.786333,3.190985,4,3.190985
9.320024,5.000663,-1.786333,3.190985,4,3.190985
9.340024,4.964936,-1.786333,3.190985,4,3.190985
9.360024,4.92921,-1.786333,3.190985,4,3.190985
9.380025,4.893483,-1.786333,3.190985,4,3.190985
9.400025,4.857757,-1.786333,3.190985,4,3.190985
9.420026,4.82203,-1.786333,3.190985,4,3.190985
9.440026,4.786304,-1.786333,3.190985,4,3.190985
9.460027,4.750577,-1.786333,3.190985,4,3.190985
9.480027,4.71485,-1.786333,3.190985,4,3.190985
9.500028,4.679124,-1.786333,3.190985,4,3.190985
9.520028,4.643397,-1.786333,3.190985,4,3.190985
9.540029,4.607671,-1.786333,3.190985,4,3.190985
9.560029,4.571944,-1.786333,3.190985,4,3.190985
9.580029,4.536218,-1.786333,3.190985,4,3.190985
9.60003,4.500491,-1.786333,3.190985,4,3.190985
9.62003,4.464765,-1.786333,3.190985,4,3.190985
9.640031,4.429038,-1.786333,3.190985,4,3.190985
9.660031,4.393312,-1.786333,3.190985,4,3.190985
9.680032,4.357585,-1.786333,3.190985,4,3.190985
9.700032,4.321858,-1.786333,3.190985,4,3.190985
9.720033,4.286132,-1.786333,3.190985,4,3.190985
9.740033,4.250405,-1.786333,3.190985,4,3.190985
9.760034,4.214679,-1.786333,3.190985,4,3.190985
9.780034,4.178952,-1.786333,3.190985,4,3.190985
9.800035,4.143226,-1.786333,3.190985,4,3.190985
9.820035,4.107499,-1.786333,3.190985,4,3.190985
9.840035,4.071773,-1.786333,3.190985,4,3.190985
9.860036,4.036046,-1.786333,3.190985,4,3.190985
9.880036,4.000319,-1.786333,3.190985,4,3.190985
9.900037,3.964593,-1.786333,3.190985,4,3.190985
9.920037,3.928866,-1.786333,3.190985,4,3.190985
9.940038,3.89314,-1.786333,3.190985,4,3.190985
9.960038,3.857413,-1.786333,3.190985,4,3.190985
9.980039,3.821687,-1.786333,3.190985,4,3.190985
10.00004,3.78596,-1.786333,3.190985,4,3.190985
10.02004,3.750234,-1.786333,3.190985,4,3.190985
10.04004,3.714507,-1.786333,3.190985,4,3.190985
10.06004,3.678781,-1.786333,3.190985,4,3.190985
10.08004,3.643054,-1.786333,3.190985,4,3.190985
10.10004,3.607327,-1.786333,3.190985,4,3.190985
10.12004,3.571601,-1.786333,3.190985,4,3.190985
10.14004,3.535874,-1.786333,3.190985,4,3.190985
10.16004,3.500148,-1.786333,3.190985,4,3.190985
10.18004,3.464421,-1.786333,3.190985,4,3.190985
10.20004,3.428695,-1.786333,3.190985,4,3.190985
10.22004,3.392968,-1.786333,3.190985,4,3.190985
10.24004,3.357242,-1.786333,3.190985,4,3.190985
10.26005,3.321515,-1.786333,3.190985,4,3.190985
10.28005,3.285789,-1.786333,3.190985,4,3.190985
10.30005,3.250062,-1.786333,3.190985,4,3.190985
10.32005,3.214335,-1.786333,3.190985,4,3.190985
10.34005,3.178609,-1.786333,3.190985,4,3.190985
10.36005,3.142882,-1.786333,3.190985,4,3.190985
10.38005,3.107156,-1.786333,3.190985,4,3.190985
10.40005,3.071429,-1.786333,3.190985,4,3.190985
10.42005,3.035703,-1.786333,3.190985,4,3.190985
10.44005,2.999976,-1.786333,3.190985,4,3.190985
10.46005,2.96425,-1.786333,3.190985,4,3.190985
10.48005,2.928523,-1.786333,3.190985,4,3.190985
10.50005,2.892797,-1.786333,3.190985,4,3.190985
10.52005,2.85707,-1.786333,3.190985,4,3.190985
10.54005,2.821343,-1.786333,3.190985,4,3.190985
10.56005,2.785617,-1.786333,3.190985,4,3.190985
10.58005,2.74989,-1.786333,3.190985,4,3.190985
10.60005,2.714164,-1.786333,3.190985,4,3.190985
10.62005,2.678437,-1.786333,3.190985,4,3.190985
10.64005,2.642711,-1.786333,3.190985,4,3.190985
10.66005,2.606984,-1.786333,3.190985,4,3.190985
10.68005,2.571258,-1.786333,3.190985,4,3.190985
10.70006,2.535531,-1.786333,3.190985,4,3.190985
10.72006,2.499804,-1.786333,3.190985,4,3.190985
10.74006,2.464078,-1.786333,3.190985,4,3.190985
10.76006,2.428351,-1.786333,3.190985,4,3.190985
10.78006,2.392625,-1.786333,3.190985,4,3.190985
10.80006,2.356898,-1.786333,3.190985,4,3.190985
10.82006,2.321172,-1.786333,3.190985,4,3.190985
10.84006,2.285445,-1.786333,3.190985,4,3.190985
10.86006,2.249719,-1.786333,3.190985,4,3.190985
10.88006,2.213992,-1.786333,3.190985,4,3.190985
10.90006,2.178266,-1.786333,3.190985,4,3.190985
10.92006,2.142539,-1.786333,3.190985,4,3.190985
10.94006,2.106812,-1.786333,3.190985,4,3.190985
10.96006,2.071086,-1.786333,3.190985,4,3.190985
10.98006,2.035359,-1.786333,3.190985,4,3.190985
11.00006,1.999633,-1.786333,3.190985,4,3.190985
11.02006,1.963906,-1.786333,3.190985,4,3.190985
11.04006,1.928179,-1.786333,3.190985,4,3.190985
11.06006,1.892453,-1.786333,3.190985,4,3.190985
11.08006,1.856726,-1.786333,3.190985,4,3.190985
11.10006,1.820999,-1.786333,3.190985,4,3.190985
11.12006,1.785273,-1.786333,3.190985,4,3.190985
11.14007,1.749546,-1.786333,3.190985,4,3.190985
11.16007,1.713819,-1.786333,3.190985,4,3.190985
11.18007,1.678093,-1.786333,3.190985,4,3.190985
11.20007,1.642366,-1.786333,3.190985,4,3.190985
11.22007,1.606639,-1.786333,3.190985,4,3.190985
11.24007,1.570913,-1.786333,3.190985,4,3.190985
11.26007,1.535186,-1.786333,3.190985,4,3.190985
11.28007,1.499459,-1.786333,3.190985,4,3.190985
11.30007,1.463733,-1.786333,3.190985,4,3.190985
11.32007,1.428006,-1.786333,3.190985,4,3.190985
11.34007,1.392279,-1.786333,3.190985,4,3.190985
11.36007,1.356553,-1.786333,3.190985,4,3.190985
11.38007,1.320826,-1.786333,3.190985,4,3.190985
11.40007,1.285099,-1.786333,3.190985,4,3.190985
11.42007,1.249373,-1.786333,3.190985,4,3.190985
11.44007,1.213646,-1.786333,3.190985,4,3.190985
11.46007,1.177919,-1.786333,3.190985,4,3.190985
11.48007,1.142193,-1.786333,3.190985,4,3.190985
11.50007,1.106466,-1.786333,3.190985,4,3.190985
11.52007,1.070739,-1.786333,3.190985,4,3.190985
11.54007,1.035013,-1.786333,3.190985,4,3.190985
11.56007,0.9992861,-1.786333,3.190985,4,3.190985
11.58008,0.9635594,-1.786333,3.190985,4,3.190985
11.60008,0.9278327,-1.786333,3.190985,4,3.190985
11.62008,0.8921061,-1.786333,3.190985,4,3.190985
11.64008,0.8563794,-1.786333,3.190985,4,3.190985
11.66008,0.8206527,-1.786333,3.190985,4,3.190985
11.68008,0.7849261,-1.786333,3.190985,4,3.190985
11.70008,0.7491994,-1.786333,3.190985,4,3.190985
11.72008,0.7134727,-1.786333,3.190985,4,3.190985
11.74008,0.6777461,-1.786333,3.190985,4,3.190985
11.76008,0.6420194,-1.786333,3.190985,4,3.190985
11.78008,0.6062927,-1.786333,3.190985,4,3.190985
11.80008,0.5705661,-1.786333,3.190985,4,3.190985
11.82008,0.5348394,-1.786333,3.190985,4,3.190985
11.84008,0.4991127,-1.786333,3.190985,4,3.190985
11.86008,0.4633861,-1.786333,3.190985,4,3.190985
11.88008,0.4276594,-1.786333,3.190985,4,3.190985
11.90008,0.3919327,-1.786333,3.190985,4,3.190985
11.92008,0.3562061,-1.786333,3.190985,4,3.190985
11.94008,0.3204794,-1.786333,3.190985,4,3.190985
11.96008,0.2847527,-1.786333,3.190985,4,3.190985
11.98008,0.2490261,-1.786333,3.190985,4,3.190985
12.00008,0.2132994,-1.786333,3.190985,4,3.190985
12.02009,0.1775728,-1.786333,3.190985,4,3.190985
12.04009,0.1418461,-1.786333,3.190985,4,3.190985
12.06009,0.1061195,-1.786333,3.190985,4,3.190985
12.08009,0.07039282,-1.786333,3.190985,4,3.190985
12.10009,0.03466616,-1.786333,3.190985,4,3.190985
12.12009,-0.001060493,-1.786333,3.190985,4,3.190985
12.14009,-0.03678715,-1.786333,3.190985,4,3.190985
12.16009,-0.0725138,-1.786333,3.190985,4,3.190985
12.18009,-0.1082405,-1.786333,3.190985,4,3.190985
12.20009,-0.1439671,-1.786333,3.190985,4,3.190985
12.22009,-0.1796938,-1.786333,3.190985,4,3.190985
12.24009,-0.2154204,-1.786333,3.190985,4,3.190985
12.26009,-0.2511471,-1.786333,3.190985,4,3.190985
12.28009,-0.2868737,-1.786333,3.190985,4,3.190985
12.30009,-0.3226004,-1.786333,3.190985,4,3.190985
12.32009,-0.3583271,-1.786333,3.190985,4,3.190985
12.34009,-0.3940537,-1.786333,3.190985,4,3.190985
12.36009,-0.4297804,-1.786333,3.190985,4,3.190985
12.38009,-0.4655071,-1.786333,3.190985,4,3.190985
12.40009,-0.5012337,-1.786333,3.190985,4,3.190985
12.42009,-0.5369604,-1.786333,3.190985,4,3.190985
12.44009,-0.572687,-1.786333,3.190985,4,3.190985
12.4601,-0.6084137,-1.786333,3.190985,4,3.190985
12.4801,-0.6441404,-1.786333,3.190985,4,3.190985
12.5001,-0.679867,-1.786333,3.190985,4,3.190985
12.5201,-0.7155937,-1.786333,3.190985,4,3.190985
12.5401,-0.7513204,-1.786333,3.190985,4,3.190985
12.5601,-0.787047,-1.786333,3.190985,4,3.190985
12.5801,-0.8227737,-1.786333,3.190985,4,3.190985
12.6001,-0.8585004,-1.786333,3.190985,4,3.190985
12.6201,-0.894227,-1.786333,3.190985,4,3.190985
12.6401,-0.9299537,-1.786333,3.190985,4,3.190985
12.6601,-0.9656804,-1.786333,3.190985,4,3.190985
12.6801,-1.001407,-1.786333,3.190985,4,3.190985
12.7001,-1.037134,-1.786333,3.190985,4,3.190985
12.7201,-1.07286,-1.786333,3.190985,4,3.190985
12.7401,-1.108587,-1.786333,3.190985,4,3.190985
12.7601,-1.144314,-1.786333,3.190985,4,3.190985
12.7801,-1.18004,-1.786333,3.190985,4,3.190985
12.8001,-1.215767,-1.786333,3.190985,4,3.190985
12.8201,-1.251494,-1.786333,3.190985,4,3.190985
12.8401,-1.28722,-1.786333,3.190985,4,3.190985
12.8601,-1.322947,-1.786333,3.190985,4,3.190985
12.88011,-1.358674,-1.786333,3.190985,4,3.190985
12.90011,-1.3944,-1.786333,3.190985,4,3.190985
12.92011,-1.430127,-1.786333,3.190985,4,3.190985
12.94011,-1.465854,-1.786333,3.190985,4,3.190985
12.96011,-1.50158,-1.786333,3.190985,4,3.190985
12.98011,-1.537307,-1.786333,3.190985,4,3.190985
13.00011,-1.573034,-1.786333,3.190985,4,3.190985
13.02011,-1.60876,-1.786333,3.190985,4,3.190985
13.04011,-1.644487,-1.786333,3.190985,4,3.190985
13.06011,-1.680214,-1.786333,3.190985,4,3.190985
13.08011,-1.71594,-1.786333,3.190985,4,3.190985
13.10011,-1.751667,-1.786333,3.190985,4,3.190985
13.12011,-1.787394,-1.786333,3.190985,4,3.190985
13.14011,-1.82312,-1.786333,3.190985,4,3.190985
13.16011,-1.858847,-1.786333,3.190985,4,3.190985
13.18011,-1.894574,-1.786333,3.190985,4,3.190985
13.20011,-1.9303,-1.786333,3.190985,4,3.190985
13.22011,-1.966027,-1.786333,3.190985,4,3.190985
13.24011,-2.001754,-1.786333,3.190985,4,3.190985
13.26011,-2.03748,-1.786333,3.190985,4,3.190985
13.28011,-2.073207,-1.786333,3.190985,4,3.190985
13.30011,-2.108933,-1.786333,3.190985,4,3.190985
13.32012,-2.14466,-1.786333,3.190985,4,3.190985
13.34012,-2.180386,-1.786333,3.190985,4,3.190985
13.36012,-2.216113,-1.786333,3.190985,4,3.190985
13.38012,-2.251839,-1.786333,3.190985,4,3.190985
13.40012,-2.287566,-1.786333,3.190985,4,3.190985
13.42012,-2.323292,-1.786333,3.190985,4,3.190985
13.44012,-2.359019,-1.786333,3.190985,4,3.190985
13.46012,-2.394746,-1.786333,3.190985,4,3.190985
13.48012,-2.430472,-1.786333,3.190985,4,3.190985
13.50012,-2.466199,-1.786333,3.190985,4,3.190985
13.52012,-2.501925,-1.786333,3.190985,4,3.190985
13.54012,-2.537652,-1.786333,3.190985,4,3.190985
13.56012,-2.573378,-1.786333,3.190985,4,3.190985
13.58012,-2.609105,-1.786333,3.190985,4,3.190985
13.60012,-2.644831,-1.786333,3.190985,4,3.190985
13.62012,-2.680558,-1.786333,3.190985,4,3.190985
13.64012,-2.716285,-1.786333,3.190985,4,3.190985
13.66012,-2.752011,-1.786333,3.190985,4,3.190985
13.68012,-2.787738,-1.786333,3.190985,4,3.190985
13.70012,-2.823464,-1.786333,3.190985,4,3.190985
13.72012,-2.859191,-1.786333,3.190985,4,3.190985
13.74012,-2.894917,-1.786333,3.190985,4,3.190985
13.76013,-2.930644,-1.786333,3.190985,4,3.190985
13.78013,-2.96637,-1.786333,3.190985,4,3.190985
13.80013,-3.002097,-1.786333,3.190985,4,3.190985
13.82013,-3.037823,-1.786333,3.190985,4,3.190985
13.84013,-3.07355,-1.786333,3.190985,4,3.190985
13.86013,-3.109277,-1.786333,3.190985,4,3.190985
13.88013,-3.145003,-1.786333,3.190985,4,3.190985
13.90013,-3.18073,-1.786333,3.190985,4,3.190985
13.92013,-3.216456,-1.786333,3.190985,4,3.190985
13.94013,-3.252183,-1.786333,3.190985,4,3.190985
13.96013,-3.287909,-1.786333,3.190985,4,3.190985
13.98013,-3.323636,-1.786333,3.190985,4,3.190985
14.00013,-3.359362,-1.786333,3.190985,4,3.190985
14.02013,-3.395089,-1.786333,3.190985,4,3.190985
14.04013,-3.430815,-1.786333,3.190985,4,3.190985
14.06013,-3.466542,-1.786333,3.190985,4,3.190985
14.08013,-3.502269,-1.786333,3.190985,4,3.190985
14.10013,-3.537995,-1.786333,3.190985,4,3.190985
14.12013,-3.573722,-1.786333,3.190985,4,3.190985
14.14013,-3.609448,-1.786333,3.190985,4,3.190985
14.16013,-3.645175,-1.786333,3.190985,4,3.190985
14.18013,-3.680901,-1.786333,3.190985,4,3.190985
14.20014,-3.716628,-1.786333,3.190985,4,3.190985
14.22014,-3.752354,-1.786333,3.190985,4,3.190985
14.24014,-3.788081,-1.786333,3.190985,4,3.190985
14.26014,-3.823807,-1.786333,3.190985,4,3.190985
14.28014,-3.859534,-1.786333,3.190985,4,3.190985
14.30014,-3.895261,-1.786333,3.190985,4,3.190985
14.32014,-3.930987,-1.786333,3.190985,4,3.190985
14.34014,-3.966714,-1.786333,3.190985,4,3.190985
14.36014,-4.00244,-1.786333,3.190985,4,3.190985
14.38014,-4.038167,-1.786333,3.190985,4,3.190985
14.40014,-4.073894,-1.786333,3.190985,4,3.190985
14.42014,-4.10962,-1.786333,3.190985,4,3.190985
14.44014,-4.145347,-1.786333,3.190985,4,3.190985
14.46014,-4.181073,-1.786333,3.190985,4,3.190985
14.48014,-4.2168,-1.786333,3.190985,4,3.190985
14.50014,-4.252526,-1.786333,3.190985,4,3.190985
14.52014,-4.288253,-1.786333,3.190985,4,3.190985
14.54014,-4.323979,-1.786333,3.190985,4,3.190985
14.56014,-4.359706,-1.786333,3.190985,4,3.190985
14.58014,-4.395432,-1.786333,3.190985,4,3.190985
14.60014,-4.431159,-1.786333,3.190985,4,3.190985
14.62014,-4.466886,-1.786333,3.190985,4,3.190985
14.64015,-4.502612,-1.786333,3.190985,4,3.190985
14.66015,-4.538339,-1.786333,3.190985,4,3.190985
14.68015,-4.574065,-1.786333,3.190985,4,3.190985
14.70015,-4.609792,-1.786333,3.190985,4,3.190985
14.72015,-4.645518,-1.786333,3.190985,4,3.190985
14.74015,-4.681245,-1.786333,3.190985,4,3.190985
14.76015,-4.716971,-1.786333,3.190985,4,3.190985
14.78015,-4.752698,-1.786333,3.190985,4,3.190985
14.80015,-4.788424,-1.786333,3.190985,4,3.190985
14.82015,-4.824151,-1.786333,3.190985,4,3.190985
14.84015,-4.859878,-1.786333,3.190985,4,3.190985
14.86015,-4.895604,-1.786333,3.190985,4,3.190985
14.88015,-4.931331,-1.786333,3.190985,4,3.190985
14.90015,-4.967057,-1.786333,3.190985,4,3.190985
14.92015,-5.002784,-1.786333,3.190985,4,3.190985
14.94015,-5.03851,-1.786333,3.190985,4,3.190985
14.96015,-5.074237,-1.786333,3.190985,4,3.190985
14.98015,-5.109963,-1.786333,3.190985,4,3.190985
15.00015,-5.14569,-1.786333,3.190985,4,3.190985
15.02015,-5.181417,-1.786333,3.190985,4,3.190985
15.04015,-5.217143,-1.786333,3.190985,4,3.190985
15.06015,-5.25287,-1.786333,3.190985,4,3.190985
15.08016,-5.288596,-1.786333,3.190985,4,3.190985
15.10016,-5.324323,-1.786333,3.190985,4,3.190985
15.12016,-5.360049,-1.786333,3.190985,4,3.190985
15.14016,-5.395776,-1.786333,3.190985,4,3.190985
15.16016,-5.431502,-1.786333,3.190985,4,3.190985
15.18016,-5.467229,-1.786333,3.190985,4,3.190985
15.20016,-5.502955,-1.786333,3.190985,4,3.190985
15.22016,-5.538682,-1.786333,3.190985,4,3.190985
15.24016,-5.574409,-1.786333,3.190985,4,3.190985
15.26016,-5.610135,-1.786333,3.190985,4,3.190985
15.28016,-5.645862,-1.786333,3.190985,4,3.190985
15.30016,-5.681588,-1.786333,3.190985,4,3.190985
15.32016,-5.717315,-1.786333,3.190985,4,3.190985
15.34016,-5.753041,-1.786333,3.190985,4,3.190985
15.36016,-5.788768,-1.786333,3.190985,4,3.190985
15.38016,-5.824494,-1.786333,3.190985,4,3.190985
15.40016,-5.860221,-1.786333,3.190985,4,3.190985
15.42016,-5.895947,-1.786333,3.190985,4,3.190985
15.44016,-5.931674,-1.786333,3.190985,4,3.190985
15.46016,-5.967401,-1.786333,3.190985,4,3.190985
15.48016,-6.003127,-1.786333,3.190985,4,3.190985
15.50016,-6.038854,-1.786333,3.190985,4,3.190985
15.52017,-6.07458,-1.786333,3.190985,4,3.190985
15.54017,-6.110307,-1.786333,3.190985,4,3.190985
15.56017,-6.146033,-1.786333,3.190985,4,3.190985
15.58017,-6.18176,-1.786333,3.190985,4,3.190985
15.60017,-6.217486,-1.786333,3.190985,4,3.190985
15.62017,-6.253213,-1.786333,3.190985,4,3.190985
15.64017,-6.288939,-1.786333,3.190985,4,3.190985
15.66017,-6.324666,-1.786333,3.190985,4,3.190985
15.68017,-6.360393,-1.786333,3.190985,4,3.190985
15.70017,-6.396119,-1.786333,3.190985,4,3.190985
15.72017,-6.431846,-1.786333,3.190985,4,3.190985
15.74017,-6.467572,-1.786333,3.190985,4,3.190985
15.76017,-6.503299,-1.786333,3.190985,4,3.190985
15.78017,-6.539025,-1.786333,3.190985,4,3.190985
15.80017,-6.574752,-1.786333,3.190985,4,3.190985
15.82017,-6.610478,-1.786333,3.190985,4,3.190985
15.84017,-6.646205,-1.786333,3.190985,4,3.190985
15.86017,-6.681931,-1.786333,3.190985,4,3.190985
15.88017,-6.717658,-1.786333,3.190985,4,3.190985
15.90017,-6.753385,-1.786333,3.190985,4,3.190985
15.92017,-6.789111,-1.786333,3.190985,4,3.190985
15.94018,-6.824838,-1.786333,3.190985,4,3.190985
15.96018,-6.860564,-1.786333,3.190985,4,3.190985
15.98018,-6.896291,-1.786333,3.190985,4,3.190985
16.00018,-6.932017,-1.786333,3.190985,4,3.190985
16.02018,-6.967744,-1.786333,3.190985,4,3.190985
16.04018,-7.00347,-1.786333,3.190985,4,3.190985
16.06018,-7.039197,-1.786333,3.190985,4,3.190985
16.08018,-7.074924,-1.786333,3.190985,4,3.190985
16.10018,-7.11065,-1.786333,3.190985,4,3.190985
16.12018,-7.146377,-1.786333,3.190985,4,3.190985
16.14018,-7.182103,-1.786333,3.190985,4,3.190985
16.16018,-7.21783,-1.786333,3.190985,4,3.190985
16.18018,-7.253556,-1.786333,3.190985,4,3.190985
16.20018,-7.289283,-1.786333,3.190985,4,3.190985
16.22018,-7.325009,-1.786333,3.190985,4,3.190985
16.24018,-7.360736,-1.786333,3.190985,4,3.190985
16.26018,-7.396462,-1.786333,3.190985,4,3.190985
16.28018,-7.432189,-1.786333,3.190985,4,3.190985
16.30018,-7.467916,-1.786333,3.190985,4,3.190985
16.32018,-7.503642,-1.786333,3.190985,4,3.190985
16.34018,-7.539369,-1.786333,3.190985,4,3.190985
16.36018,-7.575095,-1.786333,3.190985,4,3.190985
16.38018,-7.610822,-1.786333,3.190985,4,3.190985
16.40018,-7.646548,-1.786333,3.190985,4,3.190985
16.42019,-7.682275,-1.786333,3.190985,4,3.190985
16.44019,-7.718001,-1.786333,3.190985,4,3.190985
16.46019,-7.753728,-1.786333,3.190985,4,3.190985
16.48019,-7.789454,-1.786333,3.190985,4,3.190985
16.50019,-7.825181,-1.786333,3.190985,4,3.190985
16.52019,-7.860908,-1.786333,3.190985,4,3.190985
16.54019,-7.896634,-1.786333,3.190985,4,3.190985
16.56019,-7.932361,-1.786333,3.190985,4,3.190985
16.58019,-7.968087,-1.786333,3.190985,4,3.190985
16.60019,-8.003814,-1.786333,3.190985,4,3.190985
16.62019,-8.03954,-1.786333,3.190985,4,3.190985
16.64019,-8.075267,-1.786333,3.190985,4,3.190985
16.66019,-8.110993,-1.786333,3.190985,4,3.190985
16.68019,-8.14672,-1.786333,3.190985,4,3.190985
16.70019,-8.182446,-1.786333,3.190985,4,3.190985
16.72019,-8.218173,-1.786333,3.190985,4,3.190985
16.74019,-8.2539,-1.786333,3.190985,4,3.190985
16.76019,-8.289626,-1.786333,3.190985,4,3.190985
16.78019,-8.325353,-1.786333,3.190985,4,3.190985
16.80019,-8.361079,-1.786333,3.190985,4,3.190985
16.82019,-8.396806,-1.786333,3.190985,4,3.190985
16.84019,-8.432532,-1.786333,3.190985,4,3.190985
16.8602,-8.468259,-1.786333,3.190985,4,3.190985
16.8802,-8.503985,-1.786333,3.190985,4,3.190985
16.9002,-8.539712,-1.786333,3.190985,4,3.190985
16.9202,-8.575438,-1.786333,3.190985,4,3.190985
16.9402,-8.611165,-1.786333,3.190985,4,3.190985
16.9602,-8.646892,-1.786333,3.190985,4,3.190985
16.9802,-8.682618,-1.786333,3.190985,4,3.190985
17.0002,-8.718345,-1.786333,3.190985,4,3.190985
17.0202,-8.754071,-1.786333,3.190985,4,3.190985
17.0402,-8.789798,-1.786333,3.190985,4,3.190985
17.0602,-8.825524,-1.786333,3.190985,4,3.190985
17.0802,-8.861251,-1.786333,3.190985,4,3.190985
17.1002,-8.896977,-1.786333,3.190985,4,3.190985
17.1202,-8.932704,-1.786333,3.190985,4,3.190985
17.1402,-8.968431,-1.786333,3.190985,4,3.190985
17.1602,-9.004157,-1.786333,3.190985,4,3.190985
17.1802,-9.039884,-1.786333,3.190985,4,3.190985
17.2002,-9.07561,-1.786333,3.190985,4,3.190985
17.2202,-9.111337,-1.786333,3.190985,4,3.190985
17.2402,-9.147063,-1.786333,3.190985,4,3.190985
17.2602,-9.170101,-1.151897,1.326867,4,1.326867
17.2802,-9.187964,-0.8931664,0.7977462,4,0.7977462
17.30021,-9.205828,-0.8931664,0.7977462,4,0.7977462
17.32021,-9.223691,-0.8931663,0.7977461,4,0.7977461
17.34021,-9.241554,-0.8931664,0.7977462,4,0.7977462
17.36021,-9.259418,-0.8931664,0.7977462,4,0.7977462
17.38021,-9.277281,-0.8931664,0.7977462,4,0.7977462
17.40021,-9.295144,-0.8931664,0.7977462,4,0.7977462
17.42021,-9.313008,-0.8931664,0.7977462,4,0.7977462
17.44021,-9.330872,-0.8931664,0.7977462,4,0.7977462
17.46021,-9.348735,-0.8931664,0.7977462,4,0.7977462
17.48021,-9.366598,-0.8931664,0.7977462,4,0.7977462
17.50021,-9.384461,-0.8931664,0.7977462,4,0.7977462
17.52021,-9.402325,-0.8931664,0.7977462,4,0.7977462
17.54021,-9.420188,-0.8931664,0.7977462,4,0.7977462
17.56021,-9.438051,-0.8931664,0.7977462,4,0.7977462
17.58021,-9.455914,-0.8931664,0.7977462,4,0.7977462
17.60021,-9.473778,-0.8931664,0.7977462,4,0.7977462
17.62021,-9.491641,-0.8931664,0.7977462,4,0.7977462
17.64021,-9.509504,-0.8931664,0.7977462,4,0.7977462
17.66021,-9.527368,-0.8931664,0.7977462,4,0.7977462
17.68021,-9.545231,-0.8931664,0.7977462,4,0.7977462
17.70021,-9.563094,-0.8931664,0.7977462,4,0.7977462
17.72021,-9.580957,-0.8931664,0.7977462,4,0.7977462
17.74022,-9.598822,-0.8931664,0.7977462,4,0.7977462
17.76022,-9.616685,-0.8931664,0.7977462,4,0.7977462
17.78022,-9.634548,-0.8931664,0.7977462,4,0.7977462
17.80022,-9.652411,-0.8931664,0.7977462,4,0.7977462
17.82022,-9.670275,-0.8931664,0.7977462,4,0.7977462
17.84022,-9.688138,-0.8931664,0.7977462,4,0.7977462
17.86022,-9.706001,-0.8931664,0.7977462,4,0.7977462
17.88022,-9.723865,-0.8931664,0.7977462,4,0.7977462
17.90022,-9.741728,-0.8931664,0.7977462,4,0.7977462
17.92022,-9.759591,-0.8931664,0.7977462,4,0.7977462
17.94022,-9.777454,-0.8931664,0.7977462,4,0.7977462
17.96022,-9.795318,-0.8931664,0.7977462,4,0.7977462
17.98022,-9.813181,-0.8931664,0.7977462,4,0.7977462
18.00022,-9.831044,-0.8931664,0.7977462,4,0.7977462
18.02022,-9.848907,-0.8931664,0.7977462,4,0.7977462
18.04022,-9.866771,-0.8931664,0.7977462,4,0.7977462
18.06022,-9.884635,-0.8931664,0.7977462,4,0.7977462
18.08022,-9.902498,-0.8931664,0.7977462,4,0.7977462
18.10022,-9.920362,-0.8931664,0.7977462,4,0.7977462
18.12022,-9.938225,-0.8931664,0.7977462,4,0.7977462
18.14022,-9.956088,-0.8931664,0.7977462,4,0.7977462
18.16022,-9.973951,-0.8931664,0.7977462,4,0.7977462
18.18023,-9.991815,-0.8931664,0.7977462,4,0.7977462
18.20023,-10.00968,-0.8931664,0.7977462,4,0.7977462
18.22023,-10.02754,-0.8931664,0.7977462,4,0.7977462
18.24023,-10.0454,-0.8931664,0.7977462,4,0.7977462
18.26023,-10.06327,-0.8931664,0.7977462,4,0.7977462
18.28023,-10.08113,-0.8931664,0.7977462,4,0.7977462
18.30023,-10.09899,-0.8931664,0.7977462,4,0.7977462
18.32023,-10.11686,-0.8931664,0.7977462,4,0.7977462
18.34023,-10.13472,-0.8931664,0.7977462,4,0.7977462
18.36023,-10.15258,-0.8931664,0.7977462,4,0.7977462
18.38023,-10.17045,-0.8931664,0.7977462,4,0.7977462
18.40023,-10.18831,-0.8931664,0.7977462,4,0.7977462
18.42023,-10.20617,-0.8931664,0.7977462,4,0.7977462
18.44023,-10.22404,-0.8931664,0.7977462,4,0.7977462
18.46023,-10.2419,-0.8931664,0.7977462,4,0.7977462
18.48023,-10.25976,-0.8931664,0.7977462,4,0.7977462
18.50023,-10.27763,-0.8931664,0.7977462,4,0.7977462
18.52023,-10.29549,-0.8931664,0.7977462,4,0.7977462
18.54023,-10.31335,-0.8931664,0.7977462,4,0.7977462
18.56023,-10.33122,-0.8931664,0.7977462,4,0.7977462
18.58023,-10.34908,-0.8931664,0.7977462,4,0.7977462
18.60023,-10.36694,-0.8931664,0.7977462,4,0.7977462
18.62024,-10.38481,-0.8931664,0.7977462,4,0.7977462
18.64024,-10.40267,-0.8931664,0.7977462,4,0.7977462
18.66024,-10.42053,-0.8931664,0.7977462,4,0.7977462
18.68024,-10.4384,-0.8931664,0.7977462,4,0.7977462
18.70024,-10.45626,-0.8931664,0.7977462,4,0.7977462
18.72024,-10.47412,-0.8931664,0.7977462,4,0.7977462
18.74024,-10.49199,-0.8931663,0.7977461,4,0.7977461
18.76024,-10.50985,-0.8931664,0.7977462,4,0.7977462
18.78024,-10.52771,-0.8931663,0.7977461,4,0.7977461
18.80024,-10.54558,-0.8931664,0.7977462,4,0.7977462
18.82024,-10.56344,-0.8931664,0.7977462,4,0.7977462
18.84024,-10.5813,-0.8931664,0.7977462,4,0.7977462
18.86024,-10.59917,-0.8931664,0.7977462,4,0.7977462
18.88024,-10.61703,-0.8931664,0.7977462,4,0.7977462
18.90024,-10.63489,-0.8931664,0.7977462,4,0.7977462
18.92024,-10.65276,-0.8931664,0.7977462,4,0.7977462
18.94024,-10.67062,-0.8931663,0.7977461,4,0.7977461
18.96024,-10.68848,-0.8931663,0.7977461,4,0.7977461
18.98024,-10.70635,-0.8931664,0.7977462,4,0.7977462
19.00024,-10.72421,-0.8931664,0.7977462,4,0.7977462
19.02024,-10.74207,-0.8931664,0.7977462,4,0.7977462
19.04025,-10.75994,-0.8931664,0.7977462,4,0.7977462
19.06025,-10.7778,-0.8931664,0.7977462,4,0.7977462
19.08025,-10.79566,-0.8931664,0.7977462,4,0.7977462
19.10025,-10.81353,-0.8931664,0.7977462,4,0.7977462
19.12025,-10.83139,-0.8931664,0.7977462,4,0.7977462
19.14025,-10.84925,-0.8931664,0.7977462,4,0.7977462
19.16025,-10.86712,-0.8931664,0.7977462,4,0.7977462
19.18025,-10.88498,-0.8931664,0.7977462,4,0.7977462
19.20025,-10.90284,-0.8931663,0.7977461,4,0.7977461
19.22025,-10.92071,-0.8931664,0.7977462,4,0.7977462
19.24025,-10.93857,-0.8931664,0.7977462,4,0.7977462
19.26025,-10.95643,-0.8931664,0.7977462,4,0.7977462
19.28025,-10.9743,-0.8931664,0.7977462,4,0.7977462
19.30025,-10.99216,-0.8931664,0.7977462,4,0.7977462
19.32025,-11.01002,-0.8931664,0.7977462,4,0.7977462
19.34025,-11.02789,-0.8931664,0.7977462,4,0.7977462
19.36025,-11.04575,-0.8931664,0.7977462,4,0.7977462
19.38025,-11.06361,-0.8931664,0.7977462,4,0.7977462
19.40025,-11.08148,-0.8931664,0.7977462,4,0.7977462
19.42025,-11.09934,-0.8931664,0.7977462,4,0.7977462
19.44025,-11.1172,-0.8931664,0.7977462,4,0.7977462
19.46025,-11.13507,-0.8931664,0.7977462,4,0.7977462
19.48026,-11.15293,-0.8931664,0.7977462,4,0.7977462
19.50026,-11.17079,-0.8931664,0.7977462,4,0.7977462
19.52026,-11.18866,-0.8931664,0.7977462,4,0.7977462
19.54026,-11.20652,-0.8931664,0.7977462,4,0.7977462
19.56026,-11.22438,-0.8931664,0.7977462,4,0.7977462
19.58026,-11.24225,-0.8931664,0.7977462,4,0.7977462
19.60026,-11.26011,-0.8931664,0.7977462,4,0.7977462
19.62026,-11.27797,-0.8931664,0.7977462,4,0.7977462
19.64026,-11.29584,-0.8931664,0.7977462,4,0.7977462
19.66026,-11.3137,-0.8931664,0.7977462,4,0.7977462
19.68026,-11.33156,-0.8931664,0.7977462,4,0.7977462
19.70026,-11.34943,-0.8931664,0.7977462,4,0.7977462
19.72026,-11.36729,-0.8931664,0.7977462,4,0.7977462
19.74026,-11.38515,-0.8931664,0.7977462,4,0.7977462
19.76026,-11.40302,-0.8931664,0.7977462,4,0.7977462
19.78026,-11.42088,-0.8931664,0.7977462,4,0.7977462
19.80026,-11.43874,-0.8931664,0.7977462,4,0.7977462
19.82026,-11.45661,-0.8931664,0.7977462,4,0.7977462
19.84026,-11.47447,-0.8931664,0.7977462,4,0.7977462
19.86026,-11.49233,-0.8931664,0.7977462,4,0.7977462
19.88026,-11.5102,-0.8931664,0.7977462,4,0.7977462
19.90026,-11.52806,-0.8931664,0.7977462,4,0.7977462
19.92027,-11.54592,-0.8931664,0.7977462,4,0.7977462
19.94027,-11.56379,-0.8931664,0.7977462,4,0.7977462
19.96027,-11.58165,-0.8931664,0.7977462,4,0.7977462
19.98027,-11.59951,-0.8931664,0.7977462,4,0.7977462
20.00027,-11.61738,-0.8931664,0.7977462,4,0.7977462
20.02027,-11.63524,-0.8931664,0.7977462,4,0.7977462
20.04027,-11.6531,-0.8931663,0.7977461,4,0.7977461
20.06027,-11.67097,-0.8931664,0.7977462,4,0.7977462
20.08027,-11.68883,-0.8931664,0.7977462,4,0.7977462
20.10027,-11.70669,-0.8931664,0.7977462,4,0.7977462
20.12027,-11.72456,-0.8931663,0.7977461,4,0.7977461
20.14027,-11.74242,-0.8931664,0.7977462,4,0.7977462
20.16027,-11.76028,-0.8931664,0.7977462,4,0.7977462
20.18027,-11.77815,-0.8931664,0.7977462,4,0.7977462
20.20027,-11.79601,-0.8931664,0.7977462,4,0.7977462
20.22027,-11.81387,-0.8931664,0.7977462,4,0.7977462
20.24027,-11.83174,-0.8931664,0.7977462,4,0.7977462
20.26027,-11.8496,-0.8931664,0.7977462,4,0.7977462
20.28027,-11.86746,-0.8931664,0.7977462,4,0.7977462
20.30027,-11.88533,-0.8931664,0.7977462,4,0.7977462
20.32027,-11.90319,-0.8931664,0.7977462,4,0.7977462
20.34027,-11.92105,-0.8931664,0.7977462,4,0.7977462
20.36028,-11.93892,-0.8931664,0.7977462,4,0.7977462
20.38028,-11.95678,-0.8931664,0.7977462,4,0.7977462
20.40028,-11.97464,-0.8931664,0.7977462,4,0.7977462
20.42028,-11.99251,-0.8931664,0.7977462,4,0.7977462
20.44028,-12.01037,-0.8931664,0.7977462,4,0.7977462
20.46028,-12.02823,-0.8931664,0.7977462,4,0.7977462
20.48028,-12.0461,-0.8931664,0.7977462,4,0.7977462
20.50028,-12.06396,-0.8931664,0.7977462,4,0.7977462
20.52028,-12.08182,-0.8931664,0.7977462,4,0.7977462
20.54028,-12.09969,-0.8931664,0.7977462,4,0.7977462
20.56028,-12.11755,-0.8931664,0.7977462,4,0.7977462
20.58028,-12.13541,-0.8931664,0.7977462,4,0.7977462
20.60028,-12.15328,-0.8931664,0.7977462,4,0.7977462
20.62028,-12.17114,-0.8931664,0.7977462,4,0.7977462
20.64028,-12.189,-0.8931664,0.7977462,4,0.7977462
20.66028,-12.20687,-0.8931664,0.7977462,4,0.7977462
20.68028,-12.22473,-0.8931664,0.7977462,4,0.7977462
20.70028,-12.24259,-0.8931664,0.7977462,4,0.7977462
20.72028,-12.26046,-0.8931664,0.7977462,4,0.7977462
20.74028,-12.27832,-0.8931664,0.7977462,4,0.7977462
20.76028,-12.29618,-0.8931664,0.7977462,4,0.7977462
20.78028,-12.31404,-0.8931664,0.7977462,4,0.7977462
20.80029,-12.33191,-0.8931664,0.7977462,4,0.7977462
20.82029,-12.34977,-0.8931664,0.7977462,4,0.7977462
20.84029,-12.36764,-0.8931664,0.7977462,4,0.7977462
20.86029,-12.3855,-0.8931664,0.7977462,4,0.7977462
20.88029,-12.40336,-0.8931664,0.7977462,4,0.7977462
20.90029,-12.42123,-0.8931664,0.7977462,4,0.7977462
20.92029,-12.43909,-0.8931664,0.7977462,4,0.7977462
20.94029,-12.45695,-0.8931664,0.7977462,4,0.7977462
20.96029,-12.47482,-0.8931664,0.7977462,4,0.7977462
20.98029,-12.49268,-0.8931664,0.7977462,4,0.7977462
21.00029,-12.51054,-0.8931664,0.7977462,4,0.7977462
21.02029,-12.52841,-0.8931664,0.7977462,4,0.7977462
21.04029,-12.54627,-0.8931664,0.7977462,4,0.7977462
21.06029,-12.56413,-0.8931664,0.7977462,4,0.7977462
21.08029,-12.582,-0.8931664,0.7977462,4,0.7977462
21.10029,-12.59986,-0.8931664,0.7977462,4,0.7977462
21.12029,-12.61772,-0.8931664,0.7977462,4,0.7977462
21.14029,-12.63558,-0.8931664,0.7977462,4,0.7977462
21.16029,-12.65345,-0.8931664,0.7977462,4,0.7977462
21.18029,-12.67131,-0.8931664,0.7977462,4,0.7977462
21.20029,-12.68917,-0.8931664,0.7977462,4,0.7977462
21.22029,-12.70704,-0.8931664,0.7977462,4,0.7977462
21.2403,-12.7249,-0.8931664,0.7977462,4,0.7977462
21.2603,-12.74276,-0.8931664,0.7977462,4,0.7977462
21.2803,-12.76063,-0.8931664,0.7977462,4,0.7977462
21.3003,-12.77849,-0.8931664,0.7977462,4,0.7977462
21.3203,-12.79635,-0.8931664,0.7977462,4,0.7977462
21.3403,-12.81422,-0.8931664,0.7977462,4,0.7977462
21.3603,-12.83208,-0.8931664,0.7977462,4,0.7977462
21.3803,-12.84994,-0.8931664,0.7977462,4,0.7977462
21.4003,-12.86781,-0.8931664,0.7977462,4,0.7977462
21.4203,-12.88567,-0.8931664,0.7977462,4,0.7977462
21.4403,-12.90353,-0.8931664,0.7977462,4,0.7977462
21.4603,-12.9214,-0.8931664,0.7977462,4,0.7977462
21.4803,-12.93926,-0.8931664,0.7977462,4,0.7977462
21.5003,-12.95712,-0.8931664,0.7977462,4,0.7977462
21.5203,-12.97499,-0.8931664,0.7977462,4,0.7977462
21.5403,-12.99285,-0.8931664,0.7977462,4,0.7977462
21.5603,-13.01071,-0.8931664,0.7977462,4,0.7977462
21.5803,-13.02858,-0.8931664,0.7977462,4,0.7977462
21.6003,-13.04644,-0.8931664,0.7977462,4,0.7977462
21.6203,-13.0643,-0.8931664,0.7977462,4,0.7977462
21.6403,-13.08217,-0.8931664,0.7977462,4,0.7977462
21.66031,-13.10003,-0.8931664,0.7977462,4,0.7977462
21.68031,-13.11789,-0.8931664,0.7977462,4,0.7977462
21.70031,-13.13576,-0.8931664,0.7977462,4,0.7977462
21.72031,-13.15362,-0.8931664,0.7977462,4,0.7977462
21.74031,-13.17148,-0.8931664,0.7977462,4,0.7977462
21.76031,-13.18935,-0.8931664,0.7977462,4,0.7977462
21.78031,-13.20721,-0.8931664,0.7977462,4,0.7977462
21.80031,-13.22507,-0.8931664,0.7977462,4,0.7977462
21.82031,-13.24294,-0.8931664,0.7977462,4,0.7977462
21.84031,-13.2608,-0.8931664,0.7977462,4,0.7977462
21.86031,-13.27866,-0.8931664,0.7977462,4,0.7977462
21.88031,-13.29653,-0.8931664,0.7977462,4,0.7977462
21.90031,-13.31439,-0.8931664,0.7977462,4,0.7977462
21.92031,-13.33225,-0.8931664,0.7977462,4,0.7977462
21.94031,-13.35012,-0.8931664,0.7977462,4,0.7977462
21.96031,-13.36798,-0.8931664,0.7977462,4,0.7977462
21.98031,-13.38584,-0.8931664,0.7977462,4,0.7977462
22.00031,-13.40371,-0.8931664,0.7977462,4,0.7977462
22.02031,-13.42157,-0.8931664,0.7977462,4,0.7977462
22.04031,-13.43943,-0.8931663,0.7977461,4,0.7977461
22.06031,-13.4573,-0.8931664,0.7977462,4,0.7977462
22.08031,-13.47516,-0.8931664,0.7977462,4,0.7977462
22.10032,-13.49302,-0.8931664,0.7977462,4,0.7977462
22.12032,-13.51089,-0.8931664,0.7977462,4,0.7977462
22.14032,-13.52875,-0.8931664,0.7977462,4,0.7977462
22.16032,-13.54661,-0.8931664,0.7977462,4,0.7977462
22.18032,-13.56448,-0.8931664,0.7977462,4,0.7977462
22.20032,-13.58234,-0.8931664,0.7977462,4,0.7977462
22.22032,-13.6002,-0.8931664,0.7977462,4,0.7977462
22.24032,-13.61806,-0.8931664,0.7977462,4,0.7977462
22.26032,-13.63593,-0.8931664,0.7977462,4,0.7977462
22.28032,-13.65379,-0.8931664,0.7977462,4,0.7977462
22.30032,-13.67165,-0.8931664,0.7977462,4,0.7977462
22.32032,-13.68952,-0.8931664,0.7977462,4,0.7977462
22.34032,-13.70738,-0.8931664,0.7977462,4,0.7977462
22.36032,-13.72524,-0.8931665,0.7977464,4,0.7977464
22.38032,-13.74311,-0.8931666,0.7977466,4,0.7977466
22.40032,-13.76097,-0.8931668,0.797747,4,0.797747
22.42032,-13.77883,-0.8931671,0.7977476,4,0.7977476
22.44032,-13.7967,-0.8931677,0.7977486,4,0.7977486
22.46032,-13.81456,-0.8931686,0.7977501,4,0.7977501
22.48032,-13.83242,-0.8931698,0.7977522,4,0.7977522
22.50032,-13.85029,-0.893171,0.7977543,4,0.7977543
22.52032,-13.86815,-0.8931732,0.7977583,4,0.7977583
22.54033,-13.88601,-0.8931754,0.7977622,4,0.7977622
22.56033,-13.90388,-0.8931782,0.7977673,4,0.7977673
22.58033,-13.92174,-0.8931831,0.797776,4,0.797776
22.60033,-13.9396,-0.893189,0.7977866,4,0.7977866
22.62033,-13.95747,-0.8931946,0.7977966,4,0.7977966
22.64033,-13.97533,-0.8932037,0.7978128,4,0.7978128
22.66033,-13.9932,-0.8932145,0.7978322,4,0.7978322
22.68033,-14.01106,-0.8932275,0.7978553,4,0.7978553
22.70033,-14.02893,-0.8932426,0.7978823,4,0.7978823
22.72033,-14.04679,-0.8932601,0.7979136,4,0.7979136
22.74033,-14.06466,-0.8932751,0.7979405,4,0.7979405
22.76033,-14.08252,-0.8932979,0.7979811,4,0.7979811
22.78033,-14.10039,-0.8933171,0.7980155,4,0.7980155
22.80033,-14.11826,-0.8933313,0.7980409,4,0.7980409
22.82033,-14.13612,-0.8933567,0.7980863,4,0.7980863
22.84033,-14.15399,-0.8933756,0.7981199,4,0.7981199
22.86033,-14.17186,-0.8933989,0.7981616,4,0.7981616
22.88033,-14.18973,-0.8934256,0.7982094,4,0.7982094
22.90033,-14.2076,-0.8934553,0.7982624,4,0.7982624
22.92033,-14.22547,-0.8934873,0.7983195,4,0.7983195
22.94033,-14.24334,-0.8935385,0.7984111,4,0.7984111
22.96033,-14.26121,-0.8935928,0.798508,4,0.798508
22.98034,-14.27908,-0.89365,0.7986103,4,0.7986103
23.00034,-14.29696,-0.8936899,0.7986816,4,0.7986816
23.02034,-14.31483,-0.8937317,0.7987562,4,0.7987562
23.04034,-14.33271,-0.8937966,0.7988724,4,0.7988724
23.06034,-14.35058,-0.8938413,0.7989523,4,0.7989523
23.08034,-14.36846,-0.8938875,0.7990349,4,0.7990349
23.10034,-14.38634,-0.8939585,0.7991618,4,0.7991618
23.12034,-14.40422,-0.8940067,0.7992479,4,0.7992479
23.14034,-14.4221,-0.894056,0.7993361,4,0.7993361
23.16034,-14.43998,-0.8940828,0.7993841,4,0.7993841
23.18034,-14.45786,-0.894119,0.7994488,4,0.7994488
23.20034,-14.47575,-0.8941695,0.7995391,4,0.7995391
23.22034,-14.49364,-0.8943341,0.7998335,4,0.7998335
23.24034,-14.51153,-0.8945457,0.8002121,4,0.8002121
23.26034,-14.52943,-0.8950088,0.8010408,4,0.8010408
23.28034,-14.54735,-0.8956754,0.8022344,4,0.8022344
23.30034,-14.56528,-0.8963282,0.8034043,4,0.8034043
23.32034,-14.58323,-0.8975908,0.8056692,4,0.8056692
23.34034,-14.60123,-0.8995202,0.8091365,4,0.8091365
23.36034,-14.61928,-0.9019926,0.8135906,4,0.8135906
23.38034,-14.6374,-0.9055445,0.8200108,4,0.8200108
23.40034,-14.65559,-0.909299,0.8268247,4,0.8268247
23.42035,-14.67389,-0.9139157,0.8352419,4,0.8352419
23.44035,-14.6923,-0.9196476,0.8457518,4,0.8457518
23.46035,-14.71086,-0.926666,0.8587098,4,0.8587098
23.48035,-14.7296,-0.9351538,0.8745127,4,0.8745127
23.50035,-14.74854,-0.9453104,0.8936118,4,0.8936118
23.52035,-14.76774,-0.9573478,0.9165148,4,0.9165148
23.54035,-14.78729,-0.9737706,0.9482291,4,0.9482291
23.56035,-14.80725,-0.9918935,0.9838527,4,0.9838527
23.58035,-14.82761,-1.011393,1.022916,4,1.022916
23.60035,-14.84842,-1.032187,1.065409,4,1.065409
23.62035,-14.86969,-1.054352,1.111658,4,1.111658
23.64035,-14.89147,-1.079862,1.166102,4,1.166102
23.66035,-14.91382,-1.108932,1.229731,4,1.229731
23.68035,-14.93684,-1.14102,1.301928,4,1.301928
23.70035,-14.9606,-1.177566,1.386661,4,1.386661
23.72035,-14.98519,-1.21834,1.484353,4,1.484353
23.74035,-15.01067,-1.263177,1.595617,4,1.595617
23.76035,-15.03716,-1.311853,1.720959,4,1.720959
23.78035,-15.06472,-1.364681,1.862354,4,1.862354
23.80035,-15.09345,-1.421759,2.021399,4,2.021399
23.82035,-15.12343,-1.482961,2.199173,4,2.199173
23.84035,-15.15474,-1.54813,2.396707,4,2.396707
23.86036,-15.18745,-1.616916,2.614418,4,2.614418
23.88036,-15.22162,-1.68886,2.85225,4,2.85225
23.90036,-15.25731,-1.763297,3.109217,4,3.109217
23.92036,-15.29454,-1.83943,3.383504,4,3.383504
23.94036,-15.33332,-1.916196,3.671806,4,3.671806
23.96036,-15.37365,-1.992465,3.969918,4,3.969918
23.98036,-15.41547,-2.066733,4.271387,4,4.271387
24.00036,-15.45879,-2.140602,4.582175,4,4.582175
24.02036,-15.50354,-2.212463,4.894992,4,4.894992
24.04036,-15.5492,-2.25807,5.098881,4,5.098881
24.06036,-15.59578,-2.305133,5.313639,4,5.313639
24.08036,-15.64322,-2.349797,5.521544,4,5.521544
24.10036,-15.69149,-2.391985,5.721592,4,5.721592
24.12036,-15.74052,-2.431628,5.912817,4,5.912817
24.14036,-15.79026,-2.468658,6.094271,4,6.094271
24.16036,-15.84067,-2.503011,6.265064,4,6.265064
24.18036,-15.89168,-2.534632,6.424358,4,6.424358
24.20036,-15.94324,-2.563468,6.571368,4,6.571368
24.22036,-15.99529,-2.589473,6.705373,4,6.705373
24.24036,-16.04777,-2.612607,6.825718,4,6.825718
24.26036,-16.10063,-2.632835,6.931822,4,6.931822
24.28036,-16.15381,-2.650126,7.02317,4,7.02317
24.30037,-16.20724,-2.664458,7.099335,4,7.099335
24.32037,-16.26087,-2.675811,7.159964,4,7.159964
24.34037,-16.31464,-2.684172,7.204779,4,7.204779
